year,month,oso,density
2006,1,331.75,0.13803451612903225
2006,2,345.02500000000003,0.08716964285714286
2006,3,364.77741935483874,0.06069258064516129
2006,4,422.4266666666666,0.05894833333333334
2006,5,402.045500967742,0.06183322580645161
2006,6,358.854649,0.07860733333333332
2006,7,352.64567741935485,0.0986674193548387
2006,8,334.23066677419354,0.16730870967741934
2006,9,306.1244443333333,0.26092733333333334
2006,10,298.02096774193546,0.6898470967741935
2006,11,294.6816666666667,0.796408
2006,12,317.87237612903226,0.6811612903225807
2007,1,349.39154903225807,0.36355806451612904
2007,2,377.5204228571429,0.13742928571428573
2007,3,381.2789187096774,0.12239935483870967
2007,4,375.30333333333334,0.127306
2007,5,387.18790322580645,0.1431183870967742
2007,6,371.1475,0.13642266666666666
2007,7,328.45806451612907,0.1286832258064516
2007,8,326.15161290322584,0.14013161290322582
2007,9,298.92833333333334,0.11436433333333333
2007,10,279.68709677419355,0.10842193548387097
2007,11,288.529009,0.147503
2007,12,318.6622493548387,0.21552870967741936
2008,1,337.0483870967742,0.2771503225806452
2008,2,336.95517241379315,0.4261713793103448
2008,3,349.0016129032258,0.7833687096774193
2008,4,393.3016666666666,0.9185506666666666
2008,5,370.6741935483871,0.9080670967741935
2008,6,351.9,0.7283783333333333
2008,7,328.4612903225806,0.568383870967742
2008,8,321.9881048387097,0.46862548387096775
2008,9,289.095625,0.101546
2008,10,274.10483870967744,0.06826032258064517
2008,11,278.55333333333334,0.07665733333333334
2008,12,294.48709677419356,0.07849064516129031
2009,1,335.0451612903226,0.07892838709677419
2009,2,391.8732142857143,0.12168464285714285
2009,3,377.42903225806447,0.1724948387096774
2009,4,393.0416666666667,0.19822199999999998
2009,5,390.76129032258063,0.2803932258064516
2009,6,363.025,0.4776856666666667
2009,7,347.43548387096774,0.7065329032258064
2009,8,332.8455406451613,0.7583067741935484
2009,9,291.06460799999996,0.6965633333333333
2009,10,279.8322580645161,0.5855654838709677
2009,11,266.745,0.204708
2009,12,379.90645161290325,0.06314870967741935
2010,1,346.45806451612907,0.03321129032258065
2010,2,395.60714285714283,0.04466714285714286
2010,3,400.35483870967744,0.06195161290322581
2010,4,414.7,0.07548666666666667
2010,5,412.0387096774194,0.10112096774193548
2010,6,372.62833333333333,0.17780933333333332
2010,7,362.60483870967744,0.20364612903225807
2010,8,330.8241935483871,0.24868064516129032
2010,9,315.85166666666663,0.477962
2010,10,271.21935483870965,0.7509190322580646
2010,11,286.435,0.7478996666666667
2010,12,345.67096774193544,0.6409012903225807
2011,1,350.64032258064515,0.2510374193548387
2011,2,363.55,0.06306428571428571
2011,3,365.1693548387097,0.055140322580645156
2011,4,329.34833333333336,0.07127566666666667
2011,5,399.333870967742,0.14448612903225808
2011,6,352.36333333333334,0.3753326666666667
2011,7,344.0774193548387,0.6753606451612904
2011,8,316.583870967742,0.7529158064516129
2011,9,284.6566666666667,0.20922233333333334
2011,10,258.508064516129,0.04987483870967742
2011,11,274.9066666666667,0.048775
2011,12,281.758064516129,0.059126774193548386
2012,1,354.4129032258064,0.059481935483870964
2012,2,378.8,0.08486275862068965
2012,3,387.60806451612905,0.1172916129032258
2012,4,387.305,0.172462
2012,5,388.6725806451613,0.27565451612903225
2012,6,342.085,0.46337833333333334
2012,7,335.6354838709678,0.736463870967742
2012,8,322.60322580645163,0.8730641935483872
2012,9,299.2083333333333,0.7955656666666666
2012,10,281.28225806451616,0.7461267741935484
2012,11,291.255,0.695673
2012,12,286.7725806451613,0.64869
2013,1,327.1677419354839,0.1891174193548387
2013,2,369.075,0.06702785714285714
2013,3,377.9241935483871,0.04632903225806451
2013,4,400.83,0.034206
2013,5,433.43548387096774,0.0383841935483871
2013,6,393.52833333333336,0.030613333333333333
2013,7,361.4612903225806,0.03790451612903226
2013,8,330.1,0.09584
2013,9,309.71500000000003,0.11928766666666667
2013,10,271.95806451612907,0.17861322580645161
2013,11,259.5183333333333,0.29267566666666667
2013,12,290.8467741935484,0.3698806451612903
2014,1,303.2732719354839,0.48299806451612903
2014,2,290.95714285714286,0.7699464285714287
2014,3,330.0928570967742,0.9136051612903227
2014,4,368.14000000000004,0.964105
2014,5,396.1741935483871,0.7982922580645162
2014,6,368.5383333333333,0.44893733333333335
2014,7,350.96774193548384,0.11437806451612904
2014,8,324.43225806451613,0.09222806451612903
2014,9,315.3,0.112995
2014,10,285.62119806451614,0.09986774193548387
2014,11,280.46809533333334,0.11235400000000001
2014,12,319.25967741935483,0.0964174193548387
2015,1,341.03225806451616,0.14824967741935485
2015,2,336.4142857142857,0.15424892857142858
2015,3,367.1435483870968,0.31052580645161293
2015,4,379.7633333333333,0.5993653333333333
2015,5,391.9596774193548,0.8916770967741935
2015,6,351.60333333333335,0.712441
2015,7,344.1741935483871,0.5276122580645161
2015,8,340.77096774193546,0.20982354838709677
2015,9,324.72999999999996,0.12635966666666668
2015,10,278.59838709677416,0.13140483870967742
2015,11,271.93666666666667,0.14045766666666668
2015,12,292.2209677419355,0.1979935483870968
2016,1,289.4241935483871,0.2740525806451613
2016,2,309.3448275862069,0.5937431034482759
2016,3,334.8693548387097,0.9014351612903225
2016,4,393.2683333333333,0.7202833333333333
2016,5,393.0032258064516,0.6167583870967741
2016,6,360.33,0.49769233333333335
2016,7,347.9629032258065,0.2479158064516129
2016,8,321.2016129032258,0.10720806451612902
2016,9,289.905,0.07273133333333333
2016,10,282.666129032258,0.11979096774193548
2016,11,278.7883333333333,0.110202
2016,12,308.68548387096774,0.15251870967741937
2017,1,345.6241935483871,0.2104841935483871
2017,2,353.80535714285713,0.4386317857142857
2017,3,346.84032258064514,0.7162416129032257
2017,4,380.915,0.778716
2017,5,377.5408603225806,0.7798483870967742
2017,6,341.49277766666665,0.6349213333333333
2017,7,343.916129032258,0.4991209677419355
2017,8,317.0467741935484,0.0944532258064516
2017,9,304.99916666666667,0.052637
2017,10,270.91048387096777,0.05371774193548387
2017,11,271.06166666666667,0.06863133333333334
2017,12,264.31612903225806,0.13280967741935484
2018,1,303.40967741935486,0.1598216129032258
2018,2,379.92857142857144,0.12220892857142858
2018,3,375.03548387096777,0.20448354838709676
2018,4,394.9916666666667,0.3284683333333333
2018,5,410.1693548387097,0.49359354838709674
2018,6,361.9133333333333,0.765176
2018,7,341.916129032258,0.8749238709677419
2018,8,326.6338709677419,0.8587751612903225
2018,9,306.77666666666664,0.7053063333333333
2018,10,269.85322580645163,0.17886548387096773
2018,11,280.1066666666667,0.09433933333333333
2018,12,297.4854838709677,0.06106290322580646
2019,1,329.65161290322584,0.09879935483870968
2019,2,365.03214285714284,0.23210107142857142
2019,3,366.48387096774195,0.53745
2019,4,406.2,0.8130753333333334
2019,5,408.8758064516129,0.7945993548387097
2019,6,372.595,0.40358400000000005
2019,7,338.7967741935484,0.0809158064516129
2019,8,326.32096774193553,0.07925838709677419
2019,9,316.6956666666666,0.051625000000000004
2019,10,271.09612903225803,0.043962258064516126
2019,11,280.50333333333333,0.13614066666666666
2019,12,256.5403225806452,0.31452161290322583
2020,1,337.05806451612904,0.5708993548387097
2020,2,324.75344827586207,0.7518613793103448
2020,3,377.21774193548384,0.6569754838709678
2020,4,347.78,0.150048
2020,5,344.2758064516129,0.05219064516129032
2020,6,359.24,0.06394533333333334
2020,7,331.1645161290323,0.08903967741935484
2020,8,316.0032258064516,0.04794258064516129
2020,9,307.6166666666667,0.12158200000000001
2020,10,279.5145161290323,0.24165387096774193
2020,11,257.03333333333336,0.419975
2020,12,293.85483870967744,0.558675806451613
2021,1,303.3774193548387,0.6801374193548387
2021,2,361.9875,0.8184514285714286
2021,3,371.06774193548387,0.704444193548387
2021,4,387.8183333333333,0.16519566666666666
2021,5,366.89677419354837,0.07320451612903227
2021,6,359.4133333333333,0.06412033333333333
2021,7,339.60483870967744,0.1138641935483871
2021,8,316.3854838709678,0.12601967741935485
2021,9,303.8191666666666,0.2190163333333333
2021,10,259.6583332258065,0.476851935483871
2021,11,279.77555566666666,0.8385143333333333
2021,12,293.10483870967744,0.7919493548387097
2022,1,323.81290322580645,0.7556267741935484
2022,2,339.38095250000003,0.6410821428571428
2022,3,344.36075258064517,0.13467677419354837
2022,4,365.7933333333333,0.05418566666666667
2022,5,360.42903225806447,0.06974
2022,6,369.85999999999996,0.11011499999999999
2022,7,353.15967741935486,0.25091032258064516
2022,8,332.9967741935484,0.6745083870967742
2022,9,303.82666666666665,0.7509513333333333
2022,10,266.9193548387097,0.3491232258064516
2022,11,286.49666666666667,0.07542666666666667
2022,12,312.69193548387096,0.07940903225806452
2023,1,315.1322580645161,0.08584129032258064
2023,2,349.8142857142857,0.18805321428571428
2023,3,356.93870967741935,0.4247332258064516
2023,4,407.93,0.8409953333333333
2023,5,381.7032258064516,0.8102532258064516
2023,6,352.7133333333333,0.4608086666666667
2023,7,341.60483870967744,0.05361709677419355
2023,8,323.84354838709675,0.05654225806451613
2023,9,303.575,0.08488466666666668
2023,10,278.9274193548387,0.15474032258064516
2023,11,269.90500000000003,0.199842
2023,12,295.31451612903226,0.3377322580645161
2024,1,348.4145161290323,0.7484054838709677
2024,2,365.39482758620693,0.8106803448275862
2024,3,406.6161290322581,0.3242632258064516
2024,4,420.27166666666665,0.06627866666666667
2024,5,408.54999999999995,0.04893677419354839
2024,6,372.28,0.12658233333333332
2024,7,350.81612903225806,0.35990193548387095
2024,8,338.81290322580645,0.6927067741935484
2024,9,316.65333333333336,0.8439213333333334
2024,10,276.9394009677419,0.7563340000000001
